{"parent":"item/role","textures":{"vampire-infecte":"lg/overlays/vampire-infecte","mort":"lg/overlays/mort"},"__comment":"Automatically generated by leomelki","elements":[{"from":[-2,29,25],"to":[-2,32,28],"faces":{"east":{"uv":[0,0,16,16],"texture":"#role"},"west":{"uv":[0,0,16,16],"texture":"#role"}}},{"from":[-2.0,8.5,25.0],"to":[-2.0,11.5,28.0],"faces":{"east":{"uv":[0,0,16,16],"texture":"#mort"},"west":{"uv":[0,0,16,16],"texture":"#mort"}}},{"from":[-2.0,29.0,25.0],"to":[-2.0,32.0,28.0],"faces":{"east":{"uv":[0,0,16,16],"texture":"#vampire-infecte"},"west":{"uv":[0,0,16,16],"texture":"#vampire-infecte"}}}]}